id_registro,id_proyecto,id_tiempo,id_empleado,id_proceso,horas_imputadas,costo_imputado,horas_estimadas_fase,varianza_esfuerzo
1,1,20240520,7,7,2.87,803.6,,
2,1,20240521,2,5,4.34,868.0,,
3,1,20240522,1,5,2.37,474.0,,
4,1,20240523,7,4,3.51,982.8,,
5,1,20240524,7,6,5.41,1514.8,,
6,1,20240525,4,6,6.69,3679.5,,
7,1,20240526,5,7,2.53,506.0,,
8,1,20240527,8,2,8.05,2254.0,,
9,1,20240528,6,4,5.58,3069.0,,
10,1,20240529,6,5,5.67,3118.5,,
11,1,20240530,3,5,4.49,2020.5,,
12,1,20240531,8,5,7.18,2010.4,,
13,1,20240601,8,1,5.88,1646.4,,
14,1,20240602,2,1,6.01,1202.0,,
15,1,20240603,2,5,4.99,998.0,,
16,1,20240604,6,5,3.67,2018.5,,
17,1,20240605,5,2,5.76,1152.0,,
18,1,20240606,1,1,7.58,1516.0,,
19,1,20240607,8,2,2.13,596.4,,
20,1,20240608,2,6,8.74,1748.0,,
21,1,20240609,7,5,4.46,1248.8,,
22,1,20240610,8,2,7.89,2209.2,,
23,1,20240611,2,2,7.51,1502.0,,
24,1,20240612,7,4,4.94,1383.2,,
25,1,20240613,3,5,3.21,1444.5,,
26,1,20240614,1,1,3.82,764.0,,
27,1,20240615,2,4,5.44,1088.0,,
28,1,20240616,1,5,2.79,558.0,,
29,1,20240617,2,1,4.16,832.0,,
30,1,20240618,4,3,2.82,1551.0,,
31,1,20240619,7,3,2.13,596.4,,
32,1,20240620,7,4,4.36,1220.8,,
33,1,20240621,4,7,7.64,4202.0,,
34,1,20240622,7,7,7.34,2055.2,,
35,1,20240623,1,3,3.34,668.0,,
36,1,20240624,8,1,5.92,1657.6,,
37,1,20240625,3,6,6.86,3087.0,,
38,1,20240626,5,5,7.59,1518.0,,
39,1,20240627,2,3,8.88,1776.0,,
40,1,20240628,5,6,6.0,1200.0,,
41,1,20240629,8,4,2.84,795.2,,
42,1,20240630,1,2,5.27,1054.0,,
43,1,20240701,6,5,4.79,2634.5,,
44,1,20240702,4,5,5.31,2920.5,,
45,1,20240703,8,7,4.06,1136.8,,
46,1,20240704,4,4,5.64,3102.0,,
47,1,20240705,1,1,6.11,1222.0,,
48,1,20240706,7,5,7.05,1974.0,,
49,1,20240707,8,7,6.09,1705.2,,
50,1,20240708,7,6,4.53,1268.4,,
51,1,20240709,5,5,6.2,1240.0,,
52,1,20240710,1,7,7.57,1514.0,,
53,1,20240711,3,1,6.52,2934.0,,
54,1,20240712,8,1,5.06,1416.8,,
55,1,20240713,8,4,2.16,604.8,,
56,1,20240714,3,2,4.5,2025.0,,
57,1,20240715,2,1,4.86,972.0,,
58,1,20240716,3,4,3.77,1696.5,,
59,1,20240717,1,2,5.58,1116.0,,
60,1,20240718,5,3,5.12,1024.0,,
61,1,20240719,1,1,7.59,1518.0,,
62,1,20240720,1,3,2.67,534.0,,
63,1,20240721,6,6,2.19,1204.5,,
64,1,20240722,2,4,2.2,440.0,,
65,1,20240723,7,6,7.85,2198.0,,
66,1,20240724,1,5,4.74,948.0,,
67,1,20240725,3,1,3.59,1615.5,,
68,1,20240726,5,2,8.57,1714.0,,
69,1,20240727,8,3,3.23,904.4,,
70,1,20240728,5,4,6.87,1374.0,,
71,1,20240729,5,5,5.61,1122.0,,
72,1,20240730,7,7,8.83,2472.4,,
73,1,20240731,4,1,6.91,3800.5,,
74,1,20240801,6,1,6.06,3333.0,,
75,1,20240802,6,4,8.91,4900.5,,
76,1,20240803,8,1,6.98,1954.4,,
77,1,20240804,4,7,4.21,2315.5,,
78,1,20240805,8,5,6.94,1943.2,,
79,1,20240806,8,5,6.6,1848.0,,
80,1,20240807,8,2,7.49,2097.2,,
81,1,20240808,3,4,5.87,2641.5,,
82,1,20240809,8,6,3.29,921.2,,
83,1,20240810,2,3,5.61,1122.0,,
84,1,20240811,4,3,2.6,1430.0,,
85,1,20240812,7,5,6.96,1948.8,,
86,1,20240813,2,7,7.94,1588.0,,
87,1,20240814,8,5,5.54,1551.2,,
88,1,20240815,5,4,2.71,542.0,,
89,1,20240816,4,2,5.94,3267.0,,
90,1,20240817,2,5,4.96,992.0,,
91,1,20240818,2,6,5.5,1100.0,,
92,1,20240819,6,4,2.28,1254.0,,
93,1,20240820,4,4,7.43,4086.5,,
94,1,20240821,8,4,7.65,2142.0,,
95,1,20240822,3,6,5.86,2637.0,,
96,1,20240823,1,7,7.25,1450.0,,
97,1,20240824,1,2,6.61,1322.0,,
98,1,20240825,5,1,3.53,706.0,,
99,1,20240826,8,7,8.79,2461.2,,
100,1,20240827,8,1,7.68,2150.4,,
101,1,20240828,7,1,7.72,2161.6,,
102,1,20240829,6,2,5.88,3234.0,,
103,1,20240830,6,4,6.01,3305.5,,
104,1,20240831,2,4,6.24,1248.0,,
105,1,20240901,5,4,2.85,570.0,,
106,1,20240902,8,5,7.39,2069.2,,
107,1,20240903,5,7,6.2,1240.0,,
108,1,20240904,6,1,4.78,2629.0,,
109,1,20240905,8,1,4.94,1383.2,,
110,1,20240906,1,2,3.51,702.0,,
111,1,20240907,8,4,4.25,1190.0,,
112,1,20240908,5,4,6.07,1214.0,,
113,1,20240909,8,2,2.04,571.2,,
114,1,20240910,8,3,5.36,1500.8,,
115,1,20240911,2,6,5.43,1086.0,,
116,1,20240912,2,4,5.56,1112.0,,
117,1,20240913,4,2,3.66,2013.0,,
118,1,20240914,7,4,3.19,893.2,,
119,1,20240915,1,4,2.2,440.0,,
120,1,20240916,8,4,2.88,806.4,,
121,1,20240917,2,3,6.86,1372.0,,
122,1,20240918,4,4,6.49,3569.5,,
123,1,20240919,8,1,6.42,1797.6,,
124,1,20240920,7,4,3.47,971.6,,
125,1,20240921,2,6,8.06,1612.0,,
126,1,20240922,3,5,2.65,1192.5,,
127,1,20240923,6,7,6.4,3520.0,,
128,2,20240520,7,5,8.77,2455.6,,
129,2,20240521,3,7,5.64,2538.0,,
130,2,20240522,6,6,3.46,1903.0,,
131,2,20240523,5,3,7.75,1550.0,,
132,2,20240524,2,6,4.56,912.0,,
133,2,20240525,4,6,6.76,3718.0,,
134,2,20240526,8,7,4.13,1156.4,,
135,2,20240527,6,3,8.04,4422.0,,
136,2,20240528,3,1,2.61,1174.5,,
137,2,20240529,2,5,3.54,708.0,,
138,2,20240530,3,5,4.93,2218.5,,
139,2,20240531,2,2,8.89,1778.0,,
140,2,20240601,7,7,8.31,2326.8,,
141,2,20240602,6,1,4.69,2579.5,,
142,2,20240603,2,7,6.19,1238.0,,
143,2,20240604,4,7,8.41,4625.5,,
144,2,20240605,2,7,4.09,818.0,,
145,2,20240606,5,6,8.15,1630.0,,
146,2,20240607,5,7,4.17,834.0,,
147,2,20240608,3,1,7.98,3591.0,,
148,2,20240609,4,3,2.54,1397.0,,
149,2,20240610,2,7,3.49,698.0,,
150,2,20240611,1,6,5.74,1148.0,,
151,2,20240612,2,2,4.1,820.0,,
152,2,20240613,3,6,3.0,1350.0,,
153,2,20240614,2,5,4.32,864.0,,
154,2,20240615,7,2,4.03,1128.4,,
155,2,20240616,5,1,5.66,1132.0,,
156,2,20240617,6,3,8.22,4521.0,,
157,2,20240618,6,7,8.79,4834.5,,
158,2,20240619,4,4,7.07,3888.5,,
159,2,20240620,2,5,5.71,1142.0,,
160,2,20240621,3,2,3.52,1584.0,,
161,2,20240622,7,4,2.75,770.0,,
162,2,20240623,8,6,3.56,996.8,,
163,2,20240624,3,4,3.57,1606.5,,
164,2,20240625,5,4,3.33,666.0,,
165,2,20240626,1,1,8.63,1726.0,,
166,2,20240627,1,3,7.01,1402.0,,
167,2,20240628,3,2,5.79,2605.5,,
168,2,20240629,7,4,7.25,2030.0,,
169,2,20240630,2,4,7.44,1488.0,,
170,2,20240701,8,1,8.88,2486.4,,
171,2,20240702,6,6,2.23,1226.5,,
172,2,20240703,8,1,2.46,688.8,,
173,2,20240704,4,3,3.1,1705.0,,
174,2,20240705,2,3,5.83,1166.0,,
175,2,20240706,4,4,2.61,1435.5,,
176,2,20240707,5,6,5.81,1162.0,,
177,2,20240708,7,7,3.83,1072.4,,
178,2,20240709,1,3,6.23,1246.0,,
179,2,20240710,1,7,7.6,1520.0,,
180,2,20240711,7,6,6.19,1733.2,,
181,2,20240712,7,5,3.02,845.6,,
182,2,20240713,6,3,3.75,2062.5,,
183,2,20240714,5,3,8.92,1784.0,,
184,2,20240715,5,4,2.17,434.0,,
185,2,20240716,2,7,8.11,1622.0,,
186,2,20240717,5,2,7.94,1588.0,,
187,2,20240718,1,6,3.31,662.0,,
188,2,20240719,4,4,2.32,1276.0,,
189,2,20240720,5,1,5.88,1176.0,,
190,2,20240721,6,7,3.06,1683.0,,
191,2,20240722,3,4,7.61,3424.5,,
192,2,20240723,2,2,3.52,704.0,,
193,2,20240724,3,7,6.14,2763.0,,
194,2,20240725,7,7,7.56,2116.8,,
195,2,20240726,7,1,7.06,1976.8,,
196,2,20240727,6,1,6.06,3333.0,,
197,2,20240728,4,1,7.35,4042.5,,
198,2,20240729,3,3,7.34,3303.0,,
199,2,20240730,5,4,6.83,1366.0,,
200,2,20240731,6,6,6.02,3311.0,,
201,2,20240801,3,1,7.78,3501.0,,
202,2,20240802,8,6,7.1,1988.0,,
203,2,20240803,5,3,7.31,1462.0,,
204,2,20240804,5,2,6.5,1300.0,,
205,2,20240805,4,2,7.01,3855.5,,
206,2,20240806,1,1,3.98,796.0,,
207,2,20240807,7,5,6.73,1884.4,,
208,2,20240808,2,6,8.08,1616.0,,
209,2,20240809,8,5,5.01,1402.8,,
210,2,20240810,5,7,4.78,956.0,,
211,2,20240811,3,1,7.04,3168.0,,
212,2,20240812,4,6,2.15,1182.5,,
213,2,20240813,3,2,3.44,1548.0,,
214,2,20240814,1,2,5.78,1156.0,,
215,2,20240815,2,6,7.13,1426.0,,
216,2,20240816,7,2,7.57,2119.6,,
217,2,20240817,8,5,4.89,1369.2,,
218,2,20240818,4,1,2.29,1259.5,,
219,2,20240819,2,1,5.32,1064.0,,
220,2,20240820,2,6,3.91,782.0,,
221,2,20240821,1,3,3.49,698.0,,
222,2,20240822,4,2,7.05,3877.5,,
223,2,20240823,6,2,8.89,4889.5,,
224,2,20240824,8,6,7.42,2077.6,,
225,2,20240825,1,1,3.58,716.0,,
226,2,20240826,8,7,6.45,1806.0,,
227,2,20240827,7,3,8.87,2483.6,,
228,2,20240828,7,5,3.38,946.4,,
229,2,20240829,6,6,3.3,1815.0,,
230,2,20240830,6,3,4.09,2249.5,,
231,2,20240831,5,3,5.97,1194.0,,
232,2,20240901,4,1,2.2,1210.0,,
233,2,20240902,5,7,3.64,728.0,,
234,2,20240903,4,7,4.59,2524.5,,
235,2,20240904,5,6,7.03,1406.0,,
236,2,20240905,4,3,5.47,3008.5,,
237,2,20240906,2,1,6.71,1342.0,,
238,2,20240907,2,7,8.07,1614.0,,
239,2,20240908,4,1,3.57,1963.5,,
240,2,20240909,7,3,6.54,1831.2,,
241,2,20240910,2,5,5.06,1012.0,,
242,2,20240911,7,1,7.78,2178.4,,
243,2,20240912,4,5,6.43,3536.5,,
244,2,20240913,8,5,5.5,1540.0,,
245,2,20240914,4,1,6.17,3393.5,,
246,2,20240915,5,1,8.87,1774.0,,
247,2,20240916,8,1,5.62,1573.6,,
248,2,20240917,3,4,6.59,2965.5,,
249,2,20240918,2,7,4.02,804.0,,
250,2,20240919,7,4,2.17,607.6,,
251,2,20240920,4,1,8.76,4818.0,,
252,2,20240921,2,2,5.16,1032.0,,
253,2,20240922,8,6,4.6,1288.0,,
254,2,20240923,6,4,7.55,4152.5,,
255,2,20240924,3,5,6.13,2758.5,,
256,2,20240925,7,7,3.1,868.0,,
257,2,20240926,8,5,7.67,2147.6,,
258,2,20240927,2,3,5.01,1002.0,,
259,2,20240928,5,4,6.68,1336.0,,
260,2,20240929,7,5,8.7,2436.0,,
261,2,20240930,4,2,8.29,4559.5,,
262,2,20241001,1,1,2.79,558.0,,
263,2,20241002,6,4,7.39,4064.5,,
264,2,20241003,6,2,8.16,4488.0,,
265,2,20241004,5,1,2.98,596.0,,
266,2,20241005,6,5,4.45,2447.5,,
267,2,20241006,3,5,3.19,1435.5,,
268,2,20241007,4,4,3.67,2018.5,,
269,2,20241008,7,5,6.18,1730.4,,
270,2,20241009,7,7,7.61,2130.8,,
271,2,20241010,5,6,3.59,718.0,,
272,2,20241011,7,4,6.75,1890.0,,
273,2,20241012,6,1,2.29,1259.5,,
274,2,20241013,7,2,5.54,1551.2,,
275,2,20241014,5,4,2.0,400.0,,
276,2,20241015,7,2,2.24,627.2,,
277,2,20241016,8,7,7.51,2102.8,,
278,2,20241017,2,1,4.39,878.0,,
279,2,20241018,8,3,2.7,756.0,,
280,2,20241019,6,1,3.58,1969.0,,
281,2,20241020,2,4,8.4,1680.0,,
282,2,20241021,7,2,7.86,2200.8,,
283,2,20241022,6,6,5.26,2893.0,,
284,2,20241023,4,7,7.71,4240.5,,
285,2,20241024,1,5,8.63,1726.0,,
286,2,20241025,3,2,6.44,2898.0,,
287,2,20241026,6,5,8.48,4664.0,,
288,2,20241027,7,3,7.76,2172.8,,
289,2,20241028,7,5,6.49,1817.2,,
290,2,20241029,2,4,4.09,818.0,,
291,2,20241030,2,1,2.65,530.0,,
292,2,20241031,6,7,8.2,4510.0,,
293,2,20241101,7,6,2.94,823.2,,
294,2,20241102,5,6,6.75,1350.0,,
295,2,20241103,2,6,6.96,1392.0,,
296,2,20241104,6,2,8.93,4911.5,,
297,2,20241105,6,4,3.87,2128.5,,
298,2,20241106,4,6,5.42,2981.0,,
299,2,20241107,5,1,6.23,1246.0,,
300,2,20241108,1,1,4.27,854.0,,
301,2,20241109,4,1,3.89,2139.5,,
302,2,20241110,4,4,8.39,4614.5,,
303,2,20241111,2,1,2.11,422.0,,
304,2,20241112,7,5,4.82,1349.6,,
305,2,20241113,3,1,4.93,2218.5,,
306,2,20241114,6,4,8.14,4477.0,,
307,2,20241115,3,4,5.55,2497.5,,
308,2,20241116,7,3,8.03,2248.4,,
309,2,20241117,5,4,5.32,1064.0,,
310,2,20241118,3,4,8.18,3681.0,,
311,2,20241119,2,4,7.05,1410.0,,
312,2,20241120,5,5,4.34,868.0,,
313,2,20241121,8,1,8.07,2259.6,,
314,2,20241122,3,2,7.93,3568.5,,
315,2,20241123,7,5,8.53,2388.4,,
316,2,20241124,2,5,8.32,1664.0,,
317,2,20241125,6,2,3.05,1677.5,,
318,2,20241126,7,7,5.52,1545.6,,
319,2,20241127,7,5,7.58,2122.4,,
320,2,20241128,2,2,8.52,1704.0,,
321,2,20241129,8,5,5.34,1495.2,,
322,3,20240520,6,5,7.08,3894.0,,
323,3,20240521,7,5,5.53,1548.4,,
324,3,20240522,3,4,7.55,3397.5,,
325,3,20240523,5,1,3.29,658.0,,
326,3,20240524,4,7,6.46,3553.0,,
327,3,20240525,4,4,4.36,2398.0,,
328,3,20240526,7,2,6.73,1884.4,,
329,3,20240527,5,7,2.46,492.0,,
330,3,20240528,4,2,5.8,3190.0,,
331,3,20240529,3,6,4.34,1953.0,,
332,3,20240530,6,3,4.06,2233.0,,
333,3,20240531,6,1,2.77,1523.5,,
334,3,20240601,4,7,8.11,4460.5,,
335,3,20240602,2,3,5.31,1062.0,,
336,3,20240603,4,3,7.65,4207.5,,
337,3,20240604,2,2,4.91,982.0,,
338,3,20240605,5,5,8.71,1742.0,,
339,3,20240606,1,4,3.12,624.0,,
340,3,20240607,2,6,6.76,1352.0,,
341,3,20240608,5,7,3.06,612.0,,
342,3,20240609,6,6,6.72,3696.0,,
343,3,20240610,8,5,5.21,1458.8,,
344,3,20240611,3,2,2.34,1053.0,,
345,3,20240612,6,7,2.77,1523.5,,
346,3,20240613,6,4,5.5,3025.0,,
347,3,20240614,2,6,8.36,1672.0,,
348,3,20240615,6,7,5.71,3140.5,,
349,3,20240616,2,2,7.58,1516.0,,
350,3,20240617,4,1,7.23,3976.5,,
351,3,20240618,2,5,3.51,702.0,,
352,3,20240619,2,5,8.47,1694.0,,
353,3,20240620,7,2,3.08,862.4,,
354,3,20240621,4,4,6.59,3624.5,,
355,3,20240622,2,3,5.5,1100.0,,
356,3,20240623,6,3,3.55,1952.5,,
357,3,20240624,8,6,2.31,646.8,,
358,3,20240625,3,5,4.41,1984.5,,
359,3,20240626,7,2,3.04,851.2,,
360,3,20240627,2,7,3.34,668.0,,
361,3,20240628,6,1,7.54,4147.0,,
362,3,20240629,4,6,8.17,4493.5,,
363,3,20240630,2,2,4.17,834.0,,
364,3,20240701,1,1,8.82,1764.0,,
365,3,20240702,2,5,2.48,496.0,,
366,3,20240703,4,4,5.66,3113.0,,
367,3,20240704,7,1,6.42,1797.6,,
368,3,20240705,4,2,4.68,2574.0,,
369,3,20240706,3,5,2.15,967.5,,
370,3,20240707,5,6,5.8,1160.0,,
371,3,20240708,7,5,8.54,2391.2,,
372,3,20240709,6,1,5.01,2755.5,,
373,3,20240710,7,5,3.17,887.6,,
374,3,20240711,5,5,8.04,1608.0,,
375,3,20240712,6,5,7.04,3872.0,,
376,3,20240713,7,2,6.83,1912.4,,
377,3,20240714,4,7,6.66,3663.0,,
378,3,20240715,3,7,4.71,2119.5,,
379,3,20240716,6,3,4.86,2673.0,,
380,3,20240717,5,5,4.69,938.0,,
381,4,20240520,6,5,6.31,3470.5,,
382,4,20240521,7,3,6.78,1898.4,,
383,4,20240522,7,5,7.84,2195.2,,
384,4,20240523,5,1,2.82,564.0,,
385,4,20240524,5,6,6.58,1316.0,,
386,4,20240525,3,4,2.07,931.5,,
387,4,20240526,3,6,4.94,2223.0,,
388,4,20240527,8,4,3.72,1041.6,,
389,4,20240528,3,1,2.37,1066.5,,
390,4,20240529,8,3,4.19,1173.2,,
391,4,20240530,2,6,7.51,1502.0,,
392,4,20240531,3,5,4.97,2236.5,,
393,4,20240601,8,7,6.39,1789.2,,
394,4,20240602,5,7,4.01,802.0,,
395,4,20240603,5,4,7.8,1560.0,,
396,4,20240604,7,1,4.35,1218.0,,
397,4,20240605,6,6,7.47,4108.5,,
398,4,20240606,1,3,2.92,584.0,,
399,4,20240607,6,2,2.46,1353.0,,
400,4,20240608,3,7,7.01,3154.5,,
401,4,20240609,1,2,6.36,1272.0,,
402,4,20240610,7,6,4.0,1120.0,,
403,4,20240611,1,1,2.68,536.0,,
404,4,20240612,8,1,2.23,624.4,,
405,4,20240613,4,5,2.11,1160.5,,
406,4,20240614,7,4,8.85,2478.0,,
407,4,20240615,6,4,6.21,3415.5,,
408,4,20240616,4,1,6.17,3393.5,,
409,4,20240617,7,7,7.96,2228.8,,
410,4,20240618,5,1,5.52,1104.0,,
411,4,20240619,3,5,4.16,1872.0,,
412,4,20240620,2,7,2.11,422.0,,
413,4,20240621,5,3,5.25,1050.0,,
414,4,20240622,8,1,6.91,1934.8,,
415,4,20240623,1,4,3.3,660.0,,
416,4,20240624,5,5,7.02,1404.0,,
417,4,20240625,4,7,6.86,3773.0,,
418,4,20240626,4,6,6.43,3536.5,,
419,4,20240627,1,6,3.77,754.0,,
420,4,20240628,3,7,8.05,3622.5,,
421,4,20240629,8,2,6.09,1705.2,,
422,4,20240630,8,4,4.64,1299.2,,
423,4,20240701,1,3,2.02,404.0,,
424,4,20240702,2,4,5.04,1008.0,,
425,4,20240703,4,4,7.38,4059.0,,
426,4,20240704,2,4,8.06,1612.0,,
427,4,20240705,3,7,2.06,927.0,,
428,4,20240706,2,6,4.53,906.0,,
429,4,20240707,7,5,2.14,599.2,,
430,4,20240708,5,7,8.13,1626.0,,
431,4,20240709,2,3,8.6,1720.0,,
432,4,20240710,1,5,2.93,586.0,,
433,4,20240711,2,7,4.73,946.0,,
434,4,20240712,8,2,5.22,1461.6,,
435,4,20240713,8,1,2.24,627.2,,
436,4,20240714,2,6,3.49,698.0,,
437,4,20240715,1,2,4.12,824.0,,
438,4,20240716,4,6,2.55,1402.5,,
439,4,20240717,5,5,2.09,418.0,,
440,4,20240718,3,5,2.23,1003.5,,
441,4,20240719,3,1,4.25,1912.5,,
442,4,20240720,8,2,5.76,1612.8,,
443,4,20240721,1,4,4.04,808.0,,
444,4,20240722,7,1,2.24,627.2,,
445,4,20240723,3,2,7.13,3208.5,,
446,4,20240724,1,2,2.74,548.0,,
447,4,20240725,8,7,3.9,1092.0,,
448,4,20240726,3,6,4.29,1930.5,,
449,4,20240727,7,5,4.77,1335.6,,
450,4,20240728,7,3,2.71,758.8,,
451,4,20240729,4,2,5.62,3091.0,,
452,4,20240730,6,4,3.1,1705.0,,
453,4,20240731,8,5,4.53,1268.4,,
454,4,20240801,7,5,5.23,1464.4,,
455,4,20240802,3,5,8.34,3753.0,,
456,4,20240803,4,2,5.24,2882.0,,
457,4,20240804,6,5,8.65,4757.5,,
458,4,20240805,5,2,4.23,846.0,,
459,4,20240806,8,1,4.99,1397.2,,
460,4,20240807,5,7,3.56,712.0,,
461,4,20240808,2,3,2.84,568.0,,
462,4,20240809,7,6,7.8,2184.0,,
463,4,20240810,2,7,2.33,466.0,,
464,4,20240811,7,3,4.03,1128.4,,
465,4,20240812,7,7,2.57,719.6,,
466,4,20240813,1,4,3.85,770.0,,
467,4,20240814,7,2,8.37,2343.6,,
468,4,20240815,2,3,4.88,976.0,,
469,4,20240816,6,4,6.03,3316.5,,
470,4,20240817,2,3,7.93,1586.0,,
471,4,20240818,8,5,5.41,1514.8,,
472,4,20240819,1,2,6.18,1236.0,,
473,4,20240820,2,7,5.76,1152.0,,
474,4,20240821,8,6,2.47,691.6,,
475,4,20240822,2,4,3.36,672.0,,
476,4,20240823,8,6,6.64,1859.2,,
477,4,20240824,2,1,3.71,742.0,,
478,4,20240825,7,6,2.78,778.4,,
479,4,20240826,3,5,4.94,2223.0,,
480,4,20240827,8,5,7.59,2125.2,,
481,4,20240828,5,6,2.98,596.0,,
482,4,20240829,8,1,2.5,700.0,,
483,4,20240830,5,3,7.56,1512.0,,
484,4,20240831,8,2,2.63,736.4,,
485,4,20240901,5,6,7.45,1490.0,,
486,4,20240902,3,5,2.15,967.5,,
487,4,20240903,4,6,4.02,2211.0,,
488,4,20240904,5,6,8.78,1756.0,,
489,4,20240905,8,6,3.41,954.8,,
490,4,20240906,7,7,3.32,929.6,,
491,4,20240907,5,3,8.41,1682.0,,
492,4,20240908,4,7,4.2,2310.0,,
493,4,20240909,5,4,7.16,1432.0,,
494,4,20240910,5,1,8.94,1788.0,,
495,4,20240911,2,7,8.7,1740.0,,
496,4,20240912,8,5,8.84,2475.2,,
497,4,20240913,6,1,7.03,3866.5,,
498,4,20240914,4,3,7.5,4125.0,,
499,5,20240520,7,2,3.61,1010.8,,
500,5,20240521,7,7,3.69,1033.2,,
501,5,20240522,4,2,3.66,2013.0,,
502,5,20240523,6,3,8.11,4460.5,,
503,5,20240524,1,5,5.76,1152.0,,
504,5,20240525,4,4,5.75,3162.5,,
505,5,20240526,7,3,4.43,1240.4,,
506,5,20240527,3,3,2.92,1314.0,,
507,5,20240528,5,7,3.6,720.0,,
508,5,20240529,5,7,8.3,1660.0,,
509,5,20240530,2,6,8.79,1758.0,,
510,5,20240531,3,1,6.05,2722.5,,
511,5,20240601,6,4,7.88,4334.0,,
512,5,20240602,3,4,6.12,2754.0,,
513,5,20240603,6,7,6.56,3608.0,,
514,5,20240604,6,6,4.6,2530.0,,
515,5,20240605,2,4,5.21,1042.0,,
516,5,20240606,7,4,8.52,2385.6,,
517,5,20240607,6,2,2.47,1358.5,,
518,5,20240608,3,7,4.13,1858.5,,
519,5,20240609,7,2,7.61,2130.8,,
520,5,20240610,2,1,6.06,1212.0,,
521,5,20240611,5,7,3.88,776.0,,
522,5,20240612,2,1,7.06,1412.0,,
523,5,20240613,8,4,7.63,2136.4,,
524,5,20240614,7,6,8.53,2388.4,,
525,5,20240615,2,7,5.66,1132.0,,
526,5,20240616,7,4,5.16,1444.8,,
527,5,20240617,5,5,3.47,694.0,,
528,5,20240618,5,7,3.48,696.0,,
529,5,20240619,3,5,2.58,1161.0,,
530,5,20240620,6,5,8.88,4884.0,,
531,5,20240621,5,7,7.44,1488.0,,
532,5,20240622,1,3,4.61,922.0,,
533,5,20240623,3,4,7.65,3442.5,,
534,5,20240624,5,4,4.09,818.0,,
535,5,20240625,1,5,2.85,570.0,,
536,6,20240520,1,6,3.0,600.0,,
537,6,20240521,7,1,3.83,1072.4,,
538,6,20240522,3,1,2.73,1228.5,,
539,6,20240523,2,7,6.71,1342.0,,
540,6,20240524,4,6,4.83,2656.5,,
541,6,20240525,5,1,6.84,1368.0,,
542,6,20240526,7,5,5.57,1559.6,,
543,6,20240527,6,6,4.24,2332.0,,
544,6,20240528,1,4,4.14,828.0,,
545,6,20240529,4,3,5.71,3140.5,,
546,6,20240530,1,7,3.47,694.0,,
547,6,20240531,5,4,5.77,1154.0,,
548,6,20240601,7,6,4.87,1363.6,,
549,6,20240602,8,4,8.36,2340.8,,
550,6,20240603,8,3,2.09,585.2,,
551,6,20240604,2,2,6.16,1232.0,,
552,6,20240605,8,3,5.84,1635.2,,
553,6,20240606,2,7,8.71,1742.0,,
554,6,20240607,7,7,3.81,1066.8,,
555,6,20240608,4,4,7.75,4262.5,,
556,6,20240609,2,5,5.24,1048.0,,
557,6,20240610,2,1,4.91,982.0,,
558,6,20240611,7,4,3.79,1061.2,,
559,6,20240612,6,4,7.88,4334.0,,
560,6,20240613,4,3,2.19,1204.5,,
561,6,20240614,2,1,6.51,1302.0,,
562,6,20240615,2,4,7.2,1440.0,,
563,6,20240616,7,4,2.16,604.8,,
564,6,20240617,4,2,3.91,2150.5,,
565,6,20240618,8,6,5.37,1503.6,,
566,6,20240619,6,4,7.36,4048.0,,
567,6,20240620,2,4,6.61,1322.0,,
568,6,20240621,6,3,8.46,4653.0,,
569,6,20240622,8,5,3.72,1041.6,,
570,6,20240623,8,4,2.23,624.4,,
571,6,20240624,2,7,2.17,434.0,,
572,6,20240625,6,2,5.01,2755.5,,
573,6,20240626,4,4,4.33,2381.5,,
574,6,20240627,1,3,4.71,942.0,,
575,6,20240628,8,1,4.0,1120.0,,
576,6,20240629,3,2,6.8,3060.0,,
577,6,20240630,6,7,7.1,3905.0,,
578,6,20240701,3,5,8.39,3775.5,,
579,6,20240702,2,6,2.94,588.0,,
580,6,20240703,4,7,3.0,1650.0,,
581,6,20240704,1,5,7.2,1440.0,,
582,6,20240705,7,7,7.56,2116.8,,
583,6,20240706,6,7,8.45,4647.5,,
584,6,20240707,5,1,8.87,1774.0,,
585,6,20240708,6,7,8.01,4405.5,,
586,6,20240709,7,5,4.0,1120.0,,
587,6,20240710,8,5,7.04,1971.2,,
588,6,20240711,4,4,2.64,1452.0,,
589,6,20240712,1,4,5.23,1046.0,,
590,6,20240713,6,5,5.86,3223.0,,
591,6,20240714,4,2,5.69,3129.5,,
592,6,20240715,3,6,5.97,2686.5,,
593,6,20240716,6,5,7.63,4196.5,,
594,6,20240717,1,6,4.48,896.0,,
595,6,20240718,7,2,2.01,562.8,,
596,6,20240719,5,1,8.03,1606.0,,
597,6,20240720,7,5,4.43,1240.4,,
598,6,20240721,5,4,5.57,1114.0,,
599,6,20240722,6,2,5.46,3003.0,,
600,6,20240723,2,2,7.52,1504.0,,
601,6,20240724,3,4,7.6,3420.0,,
602,6,20240725,1,7,5.28,1056.0,,
603,6,20240726,7,2,4.09,1145.2,,
604,6,20240727,5,5,3.17,634.0,,
605,6,20240728,4,1,4.68,2574.0,,
606,6,20240729,8,6,3.72,1041.6,,
607,6,20240730,6,1,5.7,3135.0,,
608,6,20240731,6,5,3.18,1749.0,,
609,6,20240801,8,3,3.18,890.4,,
610,6,20240802,1,4,7.7,1540.0,,
611,6,20240803,6,6,2.19,1204.5,,
612,6,20240804,3,5,4.49,2020.5,,
613,6,20240805,6,1,6.7,3685.0,,
614,6,20240806,2,2,4.0,800.0,,
615,6,20240807,7,3,8.23,2304.4,,
616,6,20240808,5,2,4.91,982.0,,
617,6,20240809,5,4,5.57,1114.0,,
618,6,20240810,5,5,6.66,1332.0,,
619,6,20240811,8,6,4.37,1223.6,,
620,6,20240812,2,2,2.28,456.0,,
621,6,20240813,8,7,2.1,588.0,,
622,6,20240814,3,6,4.28,1926.0,,
623,6,20240815,1,6,2.12,424.0,,
624,6,20240816,4,2,5.97,3283.5,,
625,6,20240817,8,3,8.56,2396.8,,
626,6,20240818,2,2,8.17,1634.0,,
627,6,20240819,2,5,2.16,432.0,,
628,6,20240820,7,6,5.61,1570.8,,
629,6,20240821,5,5,4.77,954.0,,
630,6,20240822,3,1,8.28,3726.0,,
631,6,20240823,4,1,4.21,2315.5,,
632,6,20240824,7,6,3.7,1036.0,,
633,6,20240825,7,7,7.88,2206.4,,
634,6,20240826,6,7,6.63,3646.5,,
635,6,20240827,3,7,4.02,1809.0,,
636,6,20240828,1,2,3.93,786.0,,
637,6,20240829,5,3,6.25,1250.0,,
638,6,20240830,5,6,8.18,1636.0,,
639,6,20240831,1,4,3.98,796.0,,
640,6,20240901,2,7,5.42,1084.0,,
641,6,20240902,8,2,2.87,803.6,,
642,6,20240903,7,4,7.15,2002.0,,
643,6,20240904,2,4,4.12,824.0,,
644,6,20240905,1,5,7.62,1524.0,,
645,6,20240906,4,5,2.23,1226.5,,
646,6,20240907,2,2,4.72,944.0,,
647,6,20240908,5,2,5.27,1054.0,,
648,6,20240909,1,1,6.89,1378.0,,
649,6,20240910,2,6,7.63,1526.0,,
650,6,20240911,5,2,2.76,552.0,,
651,6,20240912,5,5,8.17,1634.0,,
652,6,20240913,5,5,5.26,1052.0,,
653,6,20240914,2,7,7.38,1476.0,,
654,6,20240915,6,6,7.97,4383.5,,
655,6,20240916,2,6,5.18,1036.0,,
656,6,20240917,7,5,4.37,1223.6,,
657,6,20240918,2,3,5.61,1122.0,,
658,6,20240919,3,2,7.49,3370.5,,
659,6,20240920,2,7,7.26,1452.0,,
660,6,20240921,7,7,6.19,1733.2,,
661,6,20240922,7,5,5.4,1512.0,,
662,6,20240923,6,6,5.93,3261.5,,
663,6,20240924,4,3,8.15,4482.5,,
664,6,20240925,8,5,8.0,2240.0,,
665,6,20240926,1,1,7.86,1572.0,,
666,6,20240927,2,1,7.6,1520.0,,
667,6,20240928,4,2,3.81,2095.5,,
668,6,20240929,1,1,7.11,1422.0,,
669,6,20240930,6,7,6.26,3443.0,,
670,6,20241001,8,2,3.66,1024.8,,
671,6,20241002,8,1,4.62,1293.6,,
672,6,20241003,2,6,5.75,1150.0,,
673,6,20241004,5,4,8.52,1704.0,,
674,6,20241005,3,7,7.17,3226.5,,
675,6,20241006,8,2,2.42,677.6,,
676,6,20241007,3,5,2.38,1071.0,,
677,6,20241008,3,6,2.67,1201.5,,
678,6,20241009,4,5,4.21,2315.5,,
679,6,20241010,1,3,5.61,1122.0,,
680,6,20241011,3,1,2.77,1246.5,,
681,6,20241012,6,2,6.29,3459.5,,
682,6,20241013,6,6,5.73,3151.5,,
683,6,20241014,4,1,4.09,2249.5,,
684,6,20241015,2,3,2.15,430.0,,
685,6,20241016,2,3,7.81,1562.0,,
686,6,20241017,3,6,2.3,1035.0,,
687,6,20241018,1,3,6.02,1204.0,,
688,6,20241019,3,1,5.69,2560.5,,
689,7,20240520,1,1,7.57,1514.0,,
690,7,20240521,2,1,6.32,1264.0,,
691,7,20240522,5,6,2.14,428.0,,
692,7,20240523,1,5,5.95,1190.0,,
693,7,20240524,3,4,7.26,3267.0,,
694,7,20240525,3,4,6.7,3015.0,,
695,7,20240526,5,3,2.24,448.0,,
696,7,20240527,3,6,8.54,3843.0,,
697,7,20240528,3,4,3.77,1696.5,,
698,7,20240529,4,1,3.5,1925.0,,
699,7,20240530,1,7,5.56,1112.0,,
700,7,20240531,7,6,2.89,809.2,,
701,7,20240601,4,6,5.67,3118.5,,
702,7,20240602,6,6,3.32,1826.0,,
703,7,20240603,1,6,8.95,1790.0,,
704,7,20240604,1,6,8.86,1772.0,,
705,7,20240605,7,2,8.16,2284.8,,
706,7,20240606,6,4,7.69,4229.5,,
707,7,20240607,2,1,8.65,1730.0,,
708,7,20240608,8,7,8.97,2511.6,,
709,7,20240609,7,4,5.89,1649.2,,
710,7,20240610,6,6,2.67,1468.5,,
711,7,20240611,7,2,2.92,817.6,,
712,7,20240612,7,4,2.27,635.6,,
713,7,20240613,3,6,4.18,1881.0,,
714,7,20240614,4,5,6.65,3657.5,,
715,7,20240615,6,1,4.65,2557.5,,
716,7,20240616,3,6,5.79,2605.5,,
717,7,20240617,6,5,7.29,4009.5,,
718,7,20240618,8,6,5.82,1629.6,,
719,7,20240619,3,1,3.24,1458.0,,
720,7,20240620,5,5,3.53,706.0,,
721,7,20240621,2,7,8.04,1608.0,,
722,7,20240622,5,7,3.54,708.0,,
723,7,20240623,7,5,5.69,1593.2,,
724,7,20240624,2,7,5.9,1180.0,,
725,7,20240625,7,1,8.45,2366.0,,
726,7,20240626,4,4,3.67,2018.5,,
727,7,20240627,8,1,7.17,2007.6,,
728,7,20240628,4,4,5.93,3261.5,,
729,7,20240629,1,6,3.1,620.0,,
730,7,20240630,1,1,5.77,1154.0,,
731,7,20240701,8,1,6.6,1848.0,,
732,7,20240702,2,7,8.03,1606.0,,
733,7,20240703,6,5,7.5,4125.0,,
734,7,20240704,7,5,6.53,1828.4,,
735,7,20240705,2,2,8.38,1676.0,,
736,7,20240706,2,6,2.63,526.0,,
737,7,20240707,3,3,8.39,3775.5,,
738,7,20240708,5,4,5.48,1096.0,,
739,7,20240709,5,6,7.32,1464.0,,
740,7,20240710,6,7,2.1,1155.0,,
741,7,20240711,8,6,3.62,1013.6,,
742,7,20240712,5,4,3.55,710.0,,
743,7,20240713,2,4,8.72,1744.0,,
744,7,20240714,3,3,6.45,2902.5,,
745,7,20240715,4,5,2.61,1435.5,,
746,7,20240716,5,7,3.02,604.0,,
747,7,20240717,6,7,8.43,4636.5,,
748,7,20240718,7,4,5.18,1450.4,,
749,7,20240719,4,1,6.09,3349.5,,
750,7,20240720,6,4,7.12,3916.0,,
751,7,20240721,1,5,8.78,1756.0,,
752,7,20240722,4,2,5.15,2832.5,,
753,7,20240723,4,3,4.72,2596.0,,
754,7,20240724,7,7,8.31,2326.8,,
755,7,20240725,2,7,3.16,632.0,,
756,7,20240726,3,6,2.48,1116.0,,
757,7,20240727,2,5,8.93,1786.0,,
758,7,20240728,3,3,5.9,2655.0,,
759,7,20240729,8,1,4.54,1271.2,,
760,7,20240730,2,1,6.16,1232.0,,
761,7,20240731,8,6,4.37,1223.6,,
762,8,20240520,2,2,7.32,1464.0,,
763,8,20240521,1,3,3.1,620.0,,
764,8,20240522,3,2,7.54,3393.0,,
765,8,20240523,4,6,6.07,3338.5,,
766,8,20240524,8,7,5.15,1442.0,,
767,8,20240525,4,7,3.49,1919.5,,
768,8,20240526,4,2,6.05,3327.5,,
769,8,20240527,2,5,6.05,1210.0,,
770,8,20240528,7,3,4.29,1201.2,,
771,8,20240529,1,5,7.49,1498.0,,
772,8,20240530,4,7,4.4,2420.0,,
773,8,20240531,5,5,3.5,700.0,,
774,8,20240601,8,7,6.22,1741.6,,
775,8,20240602,1,6,3.27,654.0,,
776,8,20240603,1,7,6.9,1380.0,,
777,8,20240604,2,2,7.69,1538.0,,
778,8,20240605,6,7,5.01,2755.5,,
779,8,20240606,6,2,7.25,3987.5,,
780,8,20240607,2,1,5.63,1126.0,,
781,8,20240608,8,2,7.25,2030.0,,
782,8,20240609,8,1,8.9,2492.0,,
783,8,20240610,6,2,4.1,2255.0,,
784,8,20240611,8,5,5.86,1640.8,,
785,8,20240612,6,3,8.52,4686.0,,
786,8,20240613,1,2,4.66,932.0,,
787,8,20240614,3,2,6.26,2817.0,,
788,8,20240615,3,7,3.43,1543.5,,
789,8,20240616,7,6,3.82,1069.6,,
790,8,20240617,5,2,5.59,1118.0,,
791,8,20240618,6,5,4.63,2546.5,,
792,8,20240619,1,7,4.04,808.0,,
793,8,20240620,6,4,8.35,4592.5,,
794,8,20240621,5,2,6.95,1390.0,,
795,8,20240622,5,5,8.61,1722.0,,
796,8,20240623,7,2,4.39,1229.2,,
797,8,20240624,5,1,3.8,760.0,,
798,8,20240625,6,7,4.28,2354.0,,
799,8,20240626,3,1,6.05,2722.5,,
800,8,20240627,6,3,7.42,4081.0,,
801,8,20240628,4,7,4.36,2398.0,,
802,8,20240629,7,2,4.43,1240.4,,
803,8,20240630,4,5,4.31,2370.5,,
804,8,20240701,2,2,5.22,1044.0,,
805,8,20240702,3,2,4.89,2200.5,,
806,8,20240703,6,5,4.06,2233.0,,
807,8,20240704,4,6,5.87,3228.5,,
808,8,20240705,4,5,5.08,2794.0,,
809,8,20240706,7,4,6.31,1766.8,,
810,8,20240707,1,3,2.2,440.0,,
811,8,20240708,4,7,4.7,2585.0,,
812,8,20240709,8,7,6.36,1780.8,,
813,8,20240710,5,2,7.1,1420.0,,
814,8,20240711,5,3,4.2,840.0,,
815,8,20240712,1,2,8.22,1644.0,,
816,8,20240713,6,4,6.54,3597.0,,
817,8,20240714,3,5,6.93,3118.5,,
818,8,20240715,3,5,3.94,1773.0,,
819,8,20240716,5,6,2.8,560.0,,
820,8,20240717,7,4,4.0,1120.0,,
821,8,20240718,6,5,7.08,3894.0,,
822,8,20240719,6,2,8.62,4741.0,,
823,8,20240720,1,6,4.8,960.0,,
824,8,20240721,5,6,3.05,610.0,,
825,8,20240722,1,5,8.89,1778.0,,
826,8,20240723,8,5,2.29,641.2,,
827,8,20240724,2,1,6.28,1256.0,,
828,8,20240725,3,1,4.45,2002.5,,
829,8,20240726,4,7,4.46,2453.0,,
830,8,20240727,1,4,8.23,1646.0,,
831,8,20240728,3,3,8.21,3694.5,,
832,8,20240729,5,1,7.53,1506.0,,
833,8,20240730,7,2,5.35,1498.0,,
834,8,20240731,1,2,7.31,1462.0,,
835,8,20240801,1,4,3.22,644.0,,
836,8,20240802,1,3,7.0,1400.0,,
837,8,20240803,6,5,3.79,2084.5,,
838,8,20240804,3,5,2.04,918.0,,
839,8,20240805,4,4,2.99,1644.5,,
840,8,20240806,6,6,5.45,2997.5,,
841,8,20240807,8,7,2.92,817.6,,
842,8,20240808,6,6,5.67,3118.5,,
843,8,20240809,1,5,3.73,746.0,,
844,8,20240810,1,1,8.47,1694.0,,
845,8,20240811,2,1,7.05,1410.0,,
846,8,20240812,5,4,8.03,1606.0,,
847,8,20240813,5,6,3.76,752.0,,
848,8,20240814,6,1,4.68,2574.0,,
849,8,20240815,4,6,7.12,3916.0,,
850,8,20240816,8,5,5.12,1433.6,,
851,8,20240817,3,1,3.72,1674.0,,
852,8,20240818,6,1,7.45,4097.5,,
853,8,20240819,4,2,6.44,3542.0,,
854,8,20240820,1,1,2.48,496.0,,
855,8,20240821,3,4,8.38,3771.0,,
856,8,20240822,5,5,4.74,948.0,,
857,8,20240823,8,5,2.17,607.6,,
858,8,20240824,8,1,3.11,870.8,,
859,8,20240825,1,2,8.29,1658.0,,
860,8,20240826,8,6,6.77,1895.6,,
861,8,20240827,6,6,7.5,4125.0,,
862,8,20240828,6,7,3.06,1683.0,,
863,8,20240829,6,7,8.15,4482.5,,
864,8,20240830,2,6,7.73,1546.0,,
865,8,20240831,3,1,8.07,3631.5,,
866,8,20240901,7,1,8.09,2265.2,,
867,8,20240902,8,4,3.69,1033.2,,
868,8,20240903,1,6,8.45,1690.0,,
869,8,20240904,2,2,8.11,1622.0,,
870,8,20240905,2,4,8.52,1704.0,,
871,8,20240906,4,5,7.93,4361.5,,
872,8,20240907,4,7,2.87,1578.5,,
873,8,20240908,1,4,2.37,474.0,,
874,8,20240909,8,4,3.98,1114.4,,
875,8,20240910,5,7,2.43,486.0,,
876,8,20240911,2,6,3.79,758.0,,
877,8,20240912,7,4,8.49,2377.2,,
878,8,20240913,7,1,8.28,2318.4,,
879,8,20240914,3,5,8.25,3712.5,,
880,8,20240915,3,1,5.84,2628.0,,
881,8,20240916,6,5,3.02,1661.0,,
882,8,20240917,1,7,5.5,1100.0,,
883,8,20240918,5,2,4.06,812.0,,
884,8,20240919,8,7,4.81,1346.8,,
885,8,20240920,5,2,6.09,1218.0,,
886,8,20240921,6,3,7.21,3965.5,,
887,8,20240922,4,6,5.3,2915.0,,
888,8,20240923,7,1,2.93,820.4,,
889,8,20240924,4,2,5.49,3019.5,,
890,8,20240925,6,4,7.89,4339.5,,
891,8,20240926,7,3,4.48,1254.4,,
892,8,20240927,3,2,7.84,3528.0,,
893,8,20240928,4,3,6.09,3349.5,,
894,8,20240929,2,7,3.89,778.0,,
895,8,20240930,8,4,4.11,1150.8,,
896,8,20241001,5,2,7.0,1400.0,,
897,8,20241002,4,6,2.46,1353.0,,
898,8,20241003,2,3,5.11,1022.0,,
899,8,20241004,1,1,4.75,950.0,,
900,8,20241005,3,4,7.41,3334.5,,
901,8,20241006,8,4,3.0,840.0,,
902,8,20241007,1,1,7.75,1550.0,,
903,8,20241008,4,2,3.94,2167.0,,
904,8,20241009,3,7,5.91,2659.5,,
905,8,20241010,2,2,7.02,1404.0,,
906,8,20241011,1,6,6.11,1222.0,,
907,8,20241012,1,2,7.79,1558.0,,
908,8,20241013,2,7,3.03,606.0,,
909,8,20241014,4,7,2.21,1215.5,,
910,8,20241015,2,1,3.87,774.0,,
911,8,20241016,3,3,7.79,3505.5,,
912,8,20241017,5,5,4.35,870.0,,
913,8,20241018,2,4,2.68,536.0,,
914,8,20241019,1,1,3.73,746.0,,
915,8,20241020,7,6,3.73,1044.4,,
916,8,20241021,8,5,4.02,1125.6,,
917,8,20241022,3,1,8.82,3969.0,,
918,8,20241023,5,7,2.74,548.0,,
919,8,20241024,7,1,5.78,1618.4,,
920,8,20241025,2,3,7.2,1440.0,,
921,8,20241026,7,7,7.17,2007.6,,
922,8,20241027,2,6,7.89,1578.0,,
923,8,20241028,1,1,3.6,720.0,,
924,8,20241029,4,7,8.64,4752.0,,
925,9,20240520,2,5,4.94,988.0,,
926,9,20240521,3,1,3.06,1377.0,,
927,9,20240522,7,7,6.48,1814.4,,
928,9,20240523,1,6,5.97,1194.0,,
929,9,20240524,5,3,5.47,1094.0,,
930,9,20240525,3,5,4.97,2236.5,,
931,9,20240526,4,5,2.25,1237.5,,
932,9,20240527,8,5,4.57,1279.6,,
933,9,20240528,3,4,2.77,1246.5,,
934,9,20240529,5,6,3.71,742.0,,
935,9,20240530,4,1,5.31,2920.5,,
936,9,20240531,4,2,5.9,3245.0,,
937,9,20240601,8,1,7.33,2052.4,,
938,9,20240602,3,1,3.37,1516.5,,
939,9,20240603,6,4,4.42,2431.0,,
940,9,20240604,2,6,5.18,1036.0,,
941,9,20240605,8,1,4.47,1251.6,,
942,9,20240606,5,5,2.79,558.0,,
943,9,20240607,8,2,3.87,1083.6,,
944,9,20240608,8,2,7.57,2119.6,,
945,9,20240609,4,6,4.72,2596.0,,
946,9,20240610,5,1,5.07,1014.0,,
947,9,20240611,8,1,2.08,582.4,,
948,9,20240612,7,5,5.25,1470.0,,
949,9,20240613,7,1,8.32,2329.6,,
950,9,20240614,7,4,4.22,1181.6,,
951,9,20240615,4,7,7.72,4246.0,,
952,9,20240616,6,5,6.37,3503.5,,
953,9,20240617,4,7,6.06,3333.0,,
954,9,20240618,4,3,3.02,1661.0,,
955,9,20240619,5,1,8.02,1604.0,,
956,9,20240620,7,4,2.27,635.6,,
957,9,20240621,2,5,8.81,1762.0,,
958,9,20240622,2,4,3.02,604.0,,
959,9,20240623,4,3,2.07,1138.5,,
960,9,20240624,4,1,4.48,2464.0,,
961,9,20240625,2,4,2.26,452.0,,
962,9,20240626,3,7,2.25,1012.5,,
963,9,20240627,8,3,4.41,1234.8,,
964,9,20240628,5,2,2.38,476.0,,
965,9,20240629,6,3,7.21,3965.5,,
966,9,20240630,3,3,5.03,2263.5,,
967,9,20240701,2,1,5.69,1138.0,,
968,9,20240702,6,4,4.54,2497.0,,
969,9,20240703,6,6,5.81,3195.5,,
970,9,20240704,1,7,8.24,1648.0,,
971,10,20240520,5,7,4.04,808.0,,
972,10,20240521,7,2,5.19,1453.2,,
973,10,20240522,4,7,3.03,1666.5,,
974,10,20240523,1,2,4.88,976.0,,
975,10,20240524,7,4,8.15,2282.0,,
976,10,20240525,6,5,3.68,2024.0,,
977,10,20240526,5,3,2.59,518.0,,
978,10,20240527,7,2,7.02,1965.6,,
979,10,20240528,8,5,2.53,708.4,,
980,10,20240529,5,4,8.45,1690.0,,
981,10,20240530,1,4,6.78,1356.0,,
982,10,20240531,1,4,3.41,682.0,,
983,10,20240601,3,4,4.12,1854.0,,
984,10,20240602,1,1,5.74,1148.0,,
985,10,20240603,4,7,6.48,3564.0,,
986,10,20240604,6,3,5.08,2794.0,,
987,10,20240605,2,1,6.75,1350.0,,
988,10,20240606,2,1,6.33,1266.0,,
989,10,20240607,6,3,3.91,2150.5,,
990,10,20240608,7,5,7.3,2044.0,,
991,10,20240609,2,5,8.53,1706.0,,
992,10,20240610,1,2,5.0,1000.0,,
993,10,20240611,1,3,4.51,902.0,,
994,10,20240612,2,4,5.3,1060.0,,
995,10,20240613,5,5,6.77,1354.0,,
996,10,20240614,1,5,2.03,406.0,,
997,10,20240615,8,4,2.27,635.6,,
998,10,20240616,7,2,3.47,971.6,,
999,10,20240617,5,7,8.62,1724.0,,
1000,10,20240618,3,7,7.91,3559.5,,
1001,10,20240619,2,7,2.77,554.0,,
1002,10,20240620,7,1,5.04,1411.2,,
1003,10,20240621,6,5,2.44,1342.0,,
1004,10,20240622,8,1,4.97,1391.6,,
1005,10,20240623,4,4,4.84,2662.0,,
1006,10,20240624,1,4,4.37,874.0,,
1007,10,20240625,8,3,2.79,781.2,,
1008,10,20240626,5,6,3.01,602.0,,
1009,10,20240627,1,1,6.57,1314.0,,
1010,10,20240628,6,3,6.28,3454.0,,
1011,10,20240629,7,7,6.16,1724.8,,
1012,10,20240630,1,2,2.68,536.0,,
1013,10,20240701,8,4,7.15,2002.0,,
1014,10,20240702,6,1,3.12,1716.0,,
1015,10,20240703,7,1,6.84,1915.2,,
1016,10,20240704,2,7,6.53,1306.0,,
1017,10,20240705,5,4,5.52,1104.0,,
1018,10,20240706,2,2,4.42,884.0,,
1019,10,20240707,5,6,4.04,808.0,,
1020,10,20240708,3,2,3.5,1575.0,,
1021,10,20240709,2,4,8.09,1618.0,,
1022,10,20240710,5,2,3.16,632.0,,
1023,10,20240711,7,4,8.07,2259.6,,
1024,10,20240712,2,2,3.44,688.0,,
1025,10,20240713,5,4,8.86,1772.0,,
1026,10,20240714,4,3,7.6,4180.0,,
1027,10,20240715,2,6,3.35,670.0,,
1028,10,20240716,6,7,5.76,3168.0,,
1029,10,20240717,6,4,4.96,2728.0,,
1030,10,20240718,6,3,2.99,1644.5,,
1031,10,20240719,5,4,4.0,800.0,,
1032,10,20240720,4,7,8.04,4422.0,,
1033,10,20240721,4,5,8.91,4900.5,,
1034,10,20240722,7,4,3.08,862.4,,
1035,10,20240723,2,6,6.49,1298.0,,
1036,10,20240724,8,3,4.03,1128.4,,
1037,10,20240725,3,4,6.14,2763.0,,
1038,10,20240726,4,3,7.16,3938.0,,
1039,10,20240727,7,7,3.4,952.0,,
1040,10,20240728,2,3,3.79,758.0,,
1041,10,20240729,2,4,3.45,690.0,,
1042,10,20240730,5,2,3.03,606.0,,
1043,10,20240731,6,2,6.11,3360.5,,
1044,10,20240801,3,1,8.83,3973.5,,
1045,10,20240802,5,3,7.59,1518.0,,
1046,10,20240803,3,3,6.74,3033.0,,
1047,10,20240804,2,4,4.16,832.0,,
1048,10,20240805,7,3,2.16,604.8,,
1049,10,20240806,8,4,3.35,938.0,,
1050,10,20240807,4,6,5.4,2970.0,,
1051,10,20240808,1,4,4.37,874.0,,
1052,10,20240809,5,4,3.97,794.0,,
1053,10,20240810,2,5,7.13,1426.0,,
1054,10,20240811,8,5,6.56,1836.8,,
1055,10,20240812,3,4,3.46,1557.0,,
1056,10,20240813,3,3,5.93,2668.5,,
1057,10,20240814,5,4,5.57,1114.0,,
1058,10,20240815,2,2,8.66,1732.0,,
1059,10,20240816,1,2,6.34,1268.0,,
1060,10,20240817,1,1,8.56,1712.0,,
1061,10,20240818,6,6,3.95,2172.5,,
1062,10,20240819,8,2,3.65,1022.0,,
1063,10,20240820,2,6,6.62,1324.0,,
1064,10,20240821,1,7,3.77,754.0,,
1065,10,20240822,8,1,4.87,1363.6,,
1066,10,20240823,8,5,5.18,1450.4,,
1067,10,20240824,4,7,3.45,1897.5,,
1068,10,20240825,1,6,3.42,684.0,,
1069,10,20240826,2,6,2.32,464.0,,
1070,10,20240827,5,7,7.85,1570.0,,
1071,10,20240828,3,4,7.4,3330.0,,
1072,10,20240829,7,4,4.8,1344.0,,
1073,10,20240830,5,4,7.26,1452.0,,
1074,10,20240831,7,5,6.2,1736.0,,
1075,10,20240901,5,7,3.02,604.0,,
1076,10,20240902,6,2,7.28,4004.0,,
1077,10,20240903,4,1,4.63,2546.5,,
1078,10,20240904,5,1,2.98,596.0,,
1079,10,20240905,8,4,7.84,2195.2,,
1080,10,20240906,4,6,2.12,1166.0,,
1081,10,20240907,2,4,7.61,1522.0,,
1082,10,20240908,3,4,6.4,2880.0,,
1083,10,20240909,7,5,5.28,1478.4,,
1084,10,20240910,2,3,5.56,1112.0,,
1085,10,20240911,6,7,5.28,2904.0,,
1086,10,20240912,2,2,7.55,1510.0,,
1087,10,20240913,5,7,4.64,928.0,,
1088,10,20240914,7,1,2.6,728.0,,
1089,10,20240915,6,4,5.61,3085.5,,
1090,10,20240916,5,6,5.31,1062.0,,
1091,10,20240917,6,1,2.13,1171.5,,
1092,10,20240918,7,2,3.43,960.4,,
1093,10,20240919,1,1,5.19,1038.0,,
1094,10,20240920,1,6,6.84,1368.0,,
1095,10,20240921,2,2,7.14,1428.0,,
1096,10,20240922,3,6,8.04,3618.0,,
1097,10,20240923,2,7,3.85,770.0,,
1098,10,20240924,4,6,6.83,3756.5,,
1099,10,20240925,3,2,5.08,2286.0,,
1100,10,20240926,7,6,5.45,1526.0,,
1101,10,20240927,2,4,7.36,1472.0,,
1102,10,20240928,5,3,2.08,416.0,,
1103,10,20240929,5,6,2.75,550.0,,
1104,10,20240930,8,1,8.42,2357.6,,
1105,10,20241001,2,7,4.04,808.0,,
1106,10,20241002,1,6,6.02,1204.0,,
1107,10,20241003,6,3,3.91,2150.5,,
1108,10,20241004,7,6,8.94,2503.2,,
1109,10,20241005,7,3,6.13,1716.4,,
1110,10,20241006,6,2,2.34,1287.0,,
1111,10,20241007,6,2,4.71,2590.5,,
1112,10,20241008,7,7,6.35,1778.0,,
1113,10,20241009,8,3,8.76,2452.8,,
1114,10,20241010,7,6,2.88,806.4,,
1115,10,20241011,3,4,5.2,2340.0,,
1116,10,20241012,3,5,3.67,1651.5,,
1117,10,20241013,7,2,6.46,1808.8,,
1118,10,20241014,8,6,8.65,2422.0,,
1119,10,20241015,8,5,7.89,2209.2,,
1120,10,20241016,7,5,3.5,980.0,,
1121,10,20241017,5,3,6.8,1360.0,,
1122,10,20241018,8,2,6.43,1800.4,,
1123,10,20241019,5,4,4.94,988.0,,
1124,10,20241020,7,4,4.31,1206.8,,
1125,10,20241021,4,4,3.78,2079.0,,
1126,10,20241022,1,5,7.91,1582.0,,
1127,10,20241023,5,3,8.95,1790.0,,
1128,10,20241024,8,6,6.45,1806.0,,
1129,10,20241025,5,1,3.64,728.0,,
1130,10,20241026,2,3,8.57,1714.0,,
1131,10,20241027,7,4,8.35,2338.0,,
1132,10,20241028,7,2,6.81,1906.8,,
1133,10,20241029,8,1,3.22,901.6,,
1134,10,20241030,6,4,6.13,3371.5,,
1135,10,20241031,8,7,2.02,565.6,,
1136,10,20241101,8,1,7.93,2220.4,,
1137,10,20241102,8,2,5.1,1428.0,,
1138,10,20241103,3,3,5.74,2583.0,,
1139,10,20241104,5,4,8.64,1728.0,,
1140,10,20241105,6,1,5.71,3140.5,,
1141,10,20241106,8,3,4.9,1372.0,,
1142,10,20241107,3,6,3.85,1732.5,,
1143,10,20241108,3,1,8.74,3933.0,,
1144,10,20241109,7,1,7.57,2119.6,,
1145,10,20241110,1,2,6.61,1322.0,,
1146,10,20241111,1,5,5.66,1132.0,,
1147,10,20241112,5,4,6.44,1288.0,,
1148,10,20241113,7,4,5.34,1495.2,,
1149,10,20241114,7,1,7.13,1996.4,,
1150,10,20241115,6,5,4.51,2480.5,,
1151,10,20241116,7,3,3.73,1044.4,,
1152,10,20241117,6,1,6.74,3707.0,,
1153,10,20241118,8,6,5.43,1520.4,,
1154,10,20241119,8,3,6.07,1699.6,,
1155,10,20241120,3,2,5.13,2308.5,,
1156,10,20241121,2,7,7.68,1536.0,,
1157,10,20241122,8,2,4.39,1229.2,,
1158,11,20240520,3,4,5.86,2637.0,,
1159,11,20240521,5,2,4.58,916.0,,
1160,11,20240522,6,7,3.33,1831.5,,
1161,11,20240523,5,2,8.13,1626.0,,
1162,11,20240524,6,6,5.62,3091.0,,
1163,11,20240525,6,7,3.42,1881.0,,
1164,11,20240526,6,6,3.12,1716.0,,
1165,11,20240527,8,7,2.78,778.4,,
1166,11,20240528,3,6,3.73,1678.5,,
1167,11,20240529,5,1,4.29,858.0,,
1168,11,20240530,4,2,8.06,4433.0,,
1169,11,20240531,2,4,5.5,1100.0,,
1170,11,20240601,2,6,6.96,1392.0,,
1171,11,20240602,5,1,7.94,1588.0,,
1172,11,20240603,6,2,8.86,4873.0,,
1173,11,20240604,4,5,6.73,3701.5,,
1174,11,20240605,4,7,7.91,4350.5,,
1175,11,20240606,7,7,2.61,730.8,,
1176,11,20240607,5,4,4.38,876.0,,
1177,11,20240608,4,7,7.66,4213.0,,
1178,11,20240609,4,5,5.54,3047.0,,
1179,11,20240610,7,7,7.23,2024.4,,
1180,11,20240611,1,6,5.33,1066.0,,
1181,11,20240612,3,7,6.81,3064.5,,
1182,11,20240613,2,7,2.6,520.0,,
1183,11,20240614,3,7,5.87,2641.5,,
1184,11,20240615,4,7,6.25,3437.5,,
1185,11,20240616,1,6,7.09,1418.0,,
1186,11,20240617,1,5,7.13,1426.0,,
1187,11,20240618,6,5,7.67,4218.5,,
1188,11,20240619,8,2,6.88,1926.4,,
1189,11,20240620,4,2,8.93,4911.5,,
1190,12,20240520,6,5,7.06,3883.0,,
1191,12,20240521,3,3,7.3,3285.0,,
1192,12,20240522,1,4,8.11,1622.0,,
1193,12,20240523,4,6,5.44,2992.0,,
1194,12,20240524,5,5,4.25,850.0,,
1195,12,20240525,4,4,6.82,3751.0,,
1196,12,20240526,8,7,5.92,1657.6,,
1197,12,20240527,4,3,8.27,4548.5,,
1198,12,20240528,6,4,8.62,4741.0,,
1199,12,20240529,5,5,5.56,1112.0,,
1200,12,20240530,7,5,4.31,1206.8,,
1201,12,20240531,3,2,8.14,3663.0,,
1202,12,20240601,8,1,5.68,1590.4,,
1203,12,20240602,6,4,4.92,2706.0,,
1204,12,20240603,6,2,4.65,2557.5,,
1205,12,20240604,4,7,8.92,4906.0,,
1206,12,20240605,4,5,8.56,4708.0,,
1207,12,20240606,6,6,7.09,3899.5,,
1208,12,20240607,7,4,7.7,2156.0,,
1209,12,20240608,7,7,4.12,1153.6,,
1210,12,20240609,7,4,5.3,1484.0,,
1211,12,20240610,5,2,2.63,526.0,,
1212,12,20240611,4,2,4.85,2667.5,,
1213,12,20240612,2,5,5.77,1154.0,,
1214,12,20240613,8,4,7.83,2192.4,,
1215,12,20240614,1,5,3.97,794.0,,
1216,12,20240615,5,1,3.81,762.0,,
1217,12,20240616,7,6,7.25,2030.0,,
1218,12,20240617,5,6,4.41,882.0,,
1219,12,20240618,7,4,3.33,932.4,,
1220,12,20240619,8,4,8.16,2284.8,,
1221,12,20240620,2,5,5.94,1188.0,,
1222,12,20240621,8,1,4.7,1316.0,,
1223,12,20240622,3,7,4.88,2196.0,,
1224,12,20240623,7,7,4.27,1195.6,,
1225,12,20240624,3,6,2.47,1111.5,,
1226,12,20240625,4,2,3.12,1716.0,,
1227,12,20240626,2,5,2.22,444.0,,
1228,12,20240627,3,7,5.58,2511.0,,
1229,12,20240628,6,2,4.57,2513.5,,
1230,12,20240629,4,4,2.22,1221.0,,
1231,12,20240630,8,3,5.1,1428.0,,
1232,12,20240701,3,1,5.81,2614.5,,
1233,12,20240702,1,4,4.5,900.0,,
1234,12,20240703,6,1,2.55,1402.5,,
1235,12,20240704,1,2,7.86,1572.0,,
1236,12,20240705,1,4,3.23,646.0,,
1237,12,20240706,2,6,5.15,1030.0,,
1238,12,20240707,2,7,3.08,616.0,,
1239,12,20240708,1,6,2.81,562.0,,
1240,12,20240709,6,3,4.84,2662.0,,
1241,12,20240710,1,2,2.53,506.0,,
1242,12,20240711,6,4,3.22,1771.0,,
1243,12,20240712,4,2,6.13,3371.5,,
1244,12,20240713,5,2,4.33,866.0,,
1245,12,20240714,1,6,5.27,1054.0,,
1246,12,20240715,5,2,7.13,1426.0,,
1247,12,20240716,5,5,4.13,826.0,,
1248,12,20240717,4,7,2.15,1182.5,,
1249,12,20240718,5,5,6.48,1296.0,,
1250,12,20240719,7,6,3.28,918.4,,
1251,12,20240720,3,5,2.41,1084.5,,
1252,12,20240721,3,3,7.18,3231.0,,
1253,12,20240722,3,2,5.11,2299.5,,
1254,12,20240723,7,4,7.28,2038.4,,
1255,12,20240724,4,3,2.69,1479.5,,
1256,12,20240725,7,6,6.67,1867.6,,
1257,12,20240726,7,5,7.01,1962.8,,
1258,12,20240727,1,7,2.8,560.0,,
1259,12,20240728,8,2,4.66,1304.8,,
1260,12,20240729,2,4,5.16,1032.0,,
1261,12,20240730,5,2,5.48,1096.0,,
1262,12,20240731,6,4,7.87,4328.5,,
1263,12,20240801,4,4,5.68,3124.0,,
1264,12,20240802,5,5,5.85,1170.0,,
1265,12,20240803,4,1,4.19,2304.5,,
1266,12,20240804,1,6,8.65,1730.0,,
1267,12,20240805,5,7,3.01,602.0,,
1268,12,20240806,4,3,2.3,1265.0,,
1269,12,20240807,3,3,4.2,1890.0,,
1270,12,20240808,7,2,6.09,1705.2,,
1271,12,20240809,7,2,6.05,1694.0,,
1272,12,20240810,1,4,2.21,442.0,,
1273,12,20240811,6,4,5.13,2821.5,,
1274,12,20240812,3,5,3.86,1737.0,,
1275,12,20240813,8,7,3.76,1052.8,,
1276,12,20240814,2,7,5.34,1068.0,,
1277,12,20240815,6,1,5.21,2865.5,,
1278,12,20240816,3,1,6.2,2790.0,,
1279,12,20240817,8,5,4.5,1260.0,,
1280,12,20240818,3,6,7.58,3411.0,,
1281,12,20240819,7,4,6.11,1710.8,,
1282,12,20240820,2,4,5.33,1066.0,,
1283,12,20240821,3,1,4.76,2142.0,,
1284,12,20240822,2,3,3.69,738.0,,
1285,12,20240823,8,1,3.11,870.8,,
1286,12,20240824,4,3,8.01,4405.5,,
1287,12,20240825,2,6,2.7,540.0,,
1288,12,20240826,7,4,7.53,2108.4,,
1289,12,20240827,5,4,4.55,910.0,,
1290,12,20240828,2,1,7.94,1588.0,,
1291,12,20240829,3,6,5.62,2529.0,,
1292,12,20240830,4,3,7.12,3916.0,,
1293,12,20240831,4,7,2.48,1364.0,,
1294,12,20240901,4,6,4.21,2315.5,,
1295,12,20240902,4,7,8.01,4405.5,,
1296,12,20240903,6,4,8.8,4840.0,,
1297,12,20240904,7,7,7.34,2055.2,,
1298,12,20240905,7,4,4.38,1226.4,,
1299,12,20240906,7,3,6.37,1783.6,,
1300,12,20240907,1,4,3.38,676.0,,
1301,12,20240908,1,1,8.89,1778.0,,
1302,12,20240909,2,3,7.55,1510.0,,
1303,12,20240910,2,7,3.78,756.0,,
1304,12,20240911,5,7,7.94,1588.0,,
1305,12,20240912,8,3,8.61,2410.8,,
1306,12,20240913,4,3,3.82,2101.0,,
1307,12,20240914,1,6,3.84,768.0,,
1308,12,20240915,4,2,8.52,4686.0,,
1309,12,20240916,2,7,8.77,1754.0,,
1310,12,20240917,5,2,4.88,976.0,,
1311,12,20240918,1,1,6.19,1238.0,,
1312,12,20240919,7,3,4.38,1226.4,,
1313,12,20240920,4,6,5.2,2860.0,,
1314,12,20240921,2,5,6.73,1346.0,,
